account_id,district_id,frequency,date
576,55,POPLATEK MESICNE,4446-07-11
3818,74,POPLATEK MESICNE,4446-07-11
704,55,POPLATEK MESICNE,4446-07-11
2378,16,POPLATEK MESICNE,4446-07-11
2632,24,POPLATEK MESICNE,4446-07-12
1972,77,POPLATEK MESICNE,4446-07-12
1539,1,POPLATEK PO OBRATU,4446-07-13
793,47,POPLATEK MESICNE,4446-07-13
2484,74,POPLATEK MESICNE,4446-07-13
1695,76,POPLATEK MESICNE,4446-07-13
1726,48,POPLATEK MESICNE,4446-07-13
2881,70,POPLATEK MESICNE,4446-07-14
2357,19,POPLATEK MESICNE,4446-07-14
2177,62,POPLATEK MESICNE,4446-07-14
485,6,POPLATEK PO OBRATU,4446-07-14
652,21,POPLATEK MESICNE,4446-07-15
9635,70,POPLATEK MESICNE,4446-07-15
1844,44,POPLATEK MESICNE,4446-07-16
1926,37,POPLATEK MESICNE,4446-07-16
2393,10,POPLATEK MESICNE,4446-07-17
3510,41,POPLATEK MESICNE,4446-07-17
1276,36,POPLATEK MESICNE,4446-07-17
1637,1,POPLATEK MESICNE,4446-07-18
3871,26,POPLATEK MESICNE,4446-07-18
192,55,POPLATEK MESICNE,4446-07-18
764,1,POPLATEK MESICNE,4446-07-18
2087,7,POPLATEK TYDNE,4446-07-18
2122,68,POPLATEK MESICNE,4446-07-18
3592,54,POPLATEK MESICNE,4446-07-18
3487,41,POPLATEK MESICNE,4446-07-18
435,38,POPLATEK MESICNE,4446-07-18
1730,1,POPLATEK MESICNE,4446-07-19
1493,41,POPLATEK MESICNE,4446-07-19
374,38,POPLATEK MESICNE,4446-07-19
2925,1,POPLATEK MESICNE,4446-07-20
866,9,POPLATEK MESICNE,4446-07-20
1628,60,POPLATEK MESICNE,4446-07-20
2379,44,POPLATEK MESICNE,4446-07-20
1979,26,POPLATEK MESICNE,4446-07-21
346,37,POPLATEK MESICNE,4446-07-21
1338,74,POPLATEK MESICNE,4446-07-21
1909,14,POPLATEK MESICNE,4446-07-22
2099,3,POPLATEK TYDNE,4446-07-22
3760,44,POPLATEK MESICNE,4446-07-23
5270,44,POPLATEK MESICNE,4446-07-23
1699,53,POPLATEK MESICNE,4446-07-24
3909,1,POPLATEK MESICNE,4446-07-24
2926,50,POPLATEK MESICNE,4446-07-24
1731,33,POPLATEK MESICNE,4446-07-24
11265,15,POPLATEK MESICNE,4446-07-24
2519,4,POPLATEK MESICNE,4446-07-25
10364,55,POPLATEK MESICNE,4446-07-27
1481,15,POPLATEK MESICNE,4446-07-27
401,32,POPLATEK MESICNE,4446-07-28
4034,1,POPLATEK MESICNE,4446-07-28
2330,54,POPLATEK MESICNE,4446-07-29
1806,40,POPLATEK MESICNE,4446-07-29
3834,54,POPLATEK MESICNE,4446-07-29
1222,66,POPLATEK MESICNE,4446-07-30
212,27,POPLATEK TYDNE,4446-07-30
456,49,POPLATEK MESICNE,4446-07-31
459,47,POPLATEK MESICNE,4446-07-31
772,45,POPLATEK MESICNE,4446-07-31
1019,52,POPLATEK MESICNE,4446-07-31
11295,74,POPLATEK MESICNE,4446-07-31
2970,60,POPLATEK MESICNE,4446-08-01
2676,73,POPLATEK MESICNE,4446-08-01
1536,41,POPLATEK TYDNE,4446-08-01
1179,74,POPLATEK MESICNE,4446-08-02
280,25,POPLATEK MESICNE,4446-08-02
2425,41,POPLATEK MESICNE,4446-08-02
9307,68,POPLATEK MESICNE,4446-08-03
4055,23,POPLATEK MESICNE,4446-08-03
5065,66,POPLATEK MESICNE,4446-08-03
3704,75,POPLATEK MESICNE,4446-08-03
477,1,POPLATEK MESICNE,4446-08-04
5891,54,POPLATEK MESICNE,4446-08-04
1000,77,POPLATEK MESICNE,4446-08-04
1750,1,POPLATEK MESICNE,4446-08-05
2023,68,POPLATEK MESICNE,4446-08-05
6473,12,POPLATEK MESICNE,4446-08-05
1649,46,POPLATEK MESICNE,4446-08-05
2670,13,POPLATEK MESICNE,4446-08-06
1127,27,POPLATEK MESICNE,4446-08-06
163,30,POPLATEK MESICNE,4446-08-06
2566,48,POPLATEK MESICNE,4446-08-06
9,70,POPLATEK MESICNE,4446-08-06
1144,59,POPLATEK MESICNE,4446-08-07
2902,32,POPLATEK MESICNE,4446-08-07
4296,63,POPLATEK MESICNE,4446-08-07
443,64,POPLATEK MESICNE,4446-08-07
3693,61,POPLATEK MESICNE,4446-08-08
2070,72,POPLATEK MESICNE,4446-08-08
1843,12,POPLATEK MESICNE,4446-08-09
2714,1,POPLATEK MESICNE,4446-08-09
4078,40,POPLATEK MESICNE,4446-08-09
1675,36,POPLATEK MESICNE,4446-10-19
5868,44,POPLATEK MESICNE,4446-10-20
1805,1,POPLATEK MESICNE,4446-10-20
2434,17,POPLATEK MESICNE,4446-10-20
3007,16,POPLATEK MESICNE,4446-10-20
2574,68,POPLATEK MESICNE,4446-10-20
862,64,POPLATEK TYDNE,4446-10-20
1132,1,POPLATEK TYDNE,4446-10-21
4484,54,POPLATEK MESICNE,4446-10-21
943,1,POPLATEK MESICNE,4446-10-21
3514,7,POPLATEK MESICNE,4446-10-21
3983,67,POPLATEK MESICNE,4446-10-22
9265,1,POPLATEK MESICNE,4446-10-22
465,32,POPLATEK MESICNE,4446-10-22
982,54,POPLATEK MESICNE,4446-10-23
411,70,POPLATEK MESICNE,4446-10-23
890,14,POPLATEK MESICNE,4446-10-23
627,63,POPLATEK MESICNE,4446-10-23
2429,61,POPLATEK MESICNE,4446-10-24
3960,64,POPLATEK MESICNE,4446-10-24
2256,48,POPLATEK MESICNE,4446-10-24
8051,1,POPLATEK TYDNE,4446-10-25
2647,73,POPLATEK MESICNE,4446-10-26
2241,6,POPLATEK MESICNE,4446-10-26
5622,70,POPLATEK MESICNE,4446-10-26
2884,1,POPLATEK MESICNE,4446-10-26
1830,10,POPLATEK MESICNE,4446-10-26
7753,74,POPLATEK MESICNE,4446-10-26
244,24,POPLATEK MESICNE,4446-10-26
1477,1,POPLATEK MESICNE,4446-10-26
4240,50,POPLATEK MESICNE,4446-10-26
1006,6,POPLATEK MESICNE,4446-10-26
830,74,POPLATEK MESICNE,4446-10-26
9188,45,POPLATEK MESICNE,4446-10-26
1965,57,POPLATEK PO OBRATU,4446-10-26
1134,6,POPLATEK MESICNE,4446-10-27
1601,10,POPLATEK MESICNE,4446-10-27
2861,38,POPLATEK MESICNE,4446-10-28
813,16,POPLATEK MESICNE,4446-10-28
2585,75,POPLATEK MESICNE,4446-10-28
2220,16,POPLATEK MESICNE,4446-10-28
2763,64,POPLATEK MESICNE,4446-10-29
2342,51,POPLATEK MESICNE,4446-10-29
1944,72,POPLATEK MESICNE,4446-10-30
1966,27,POPLATEK MESICNE,4446-10-30
1801,46,POPLATEK MESICNE,4446-10-31
2543,68,POPLATEK MESICNE,4446-10-31
2293,31,POPLATEK MESICNE,4446-10-31
11013,1,POPLATEK TYDNE,4446-11-01
2423,30,POPLATEK MESICNE,4446-11-01
142,51,POPLATEK MESICNE,4446-11-02
3424,74,POPLATEK MESICNE,4446-11-03
539,13,POPLATEK PO OBRATU,4446-11-03
979,21,POPLATEK MESICNE,4446-11-03
3554,66,POPLATEK MESICNE,4446-11-03
3545,51,POPLATEK MESICNE,4446-11-04
3047,16,POPLATEK MESICNE,4446-11-04
3374,21,POPLATEK MESICNE,4446-11-04
96,68,POPLATEK MESICNE,4446-11-05
461,30,POPLATEK MESICNE,4446-11-05
3593,1,POPLATEK MESICNE,4446-11-05
3026,24,POPLATEK MESICNE,4446-11-05
1054,10,POPLATEK MESICNE,4446-11-06
2433,71,POPLATEK MESICNE,4446-11-06
3691,50,POPLATEK MESICNE,4446-11-06
3787,70,POPLATEK MESICNE,4446-11-06
128,2,POPLATEK MESICNE,4446-11-06
3168,39,POPLATEK MESICNE,4446-11-07
4937,12,POPLATEK MESICNE,4446-11-07
2124,69,POPLATEK MESICNE,4446-11-07
322,1,POPLATEK MESICNE,4446-11-07
4355,31,POPLATEK MESICNE,4446-11-08
1678,1,POPLATEK MESICNE,4446-11-09
2396,2,POPLATEK MESICNE,4446-11-09
1005,54,POPLATEK TYDNE,4446-11-10
697,28,POPLATEK MESICNE,4446-11-10
925,59,POPLATEK MESICNE,4446-11-10
2110,64,POPLATEK MESICNE,4446-11-10
1366,60,POPLATEK MESICNE,4446-11-11
1050,57,POPLATEK PO OBRATU,4446-11-11
3117,33,POPLATEK MESICNE,4446-11-11
562,50,POPLATEK MESICNE,4446-11-12
5369,54,POPLATEK MESICNE,4446-11-12
2242,7,POPLATEK TYDNE,4446-11-12
197,1,POPLATEK MESICNE,4446-11-12
496,69,POPLATEK MESICNE,4446-11-13
2,1,POPLATEK MESICNE,4446-11-13
7401,1,POPLATEK MESICNE,4446-11-13
2486,1,POPLATEK MESICNE,4446-11-14
428,1,POPLATEK MESICNE,4446-11-14
3651,23,POPLATEK MESICNE,4446-11-14
1775,17,POPLATEK MESICNE,4446-11-14
1688,70,POPLATEK MESICNE,4446-11-14
361,51,POPLATEK MESICNE,4446-11-14
1829,43,POPLATEK MESICNE,4446-11-14
1575,1,POPLATEK MESICNE,4446-11-14
9203,70,POPLATEK MESICNE,4446-11-14
3008,72,POPLATEK MESICNE,4446-11-14
239,69,POPLATEK TYDNE,4447-01-27
3302,21,POPLATEK MESICNE,4447-01-28
415,25,POPLATEK MESICNE,4447-01-29
3513,20,POPLATEK MESICNE,4447-01-29
4134,7,POPLATEK MESICNE,4447-01-29
1077,14,POPLATEK MESICNE,4447-01-29
1713,43,POPLATEK MESICNE,4447-01-29
1378,59,POPLATEK MESICNE,4447-01-30
2503,1,POPLATEK MESICNE,4447-01-31
559,46,POPLATEK MESICNE,4447-01-31
6555,38,POPLATEK TYDNE,4447-01-31
744,42,POPLATEK MESICNE,4447-02-01
882,9,POPLATEK MESICNE,4447-02-01
86,54,POPLATEK MESICNE,4447-02-02
1126,56,POPLATEK MESICNE,4447-02-03
2666,49,POPLATEK MESICNE,4447-02-03
944,70,POPLATEK MESICNE,4447-02-03
1545,1,POPLATEK MESICNE,4447-02-03
2453,1,POPLATEK MESICNE,4447-02-03
3734,43,POPLATEK MESICNE,4447-02-03
3935,23,POPLATEK MESICNE,4447-02-03
396,21,POPLATEK MESICNE,4447-02-03
2694,7,POPLATEK MESICNE,4447-02-03
4596,74,POPLATEK MESICNE,4447-02-04
2489,72,POPLATEK MESICNE,4447-02-04
2895,19,POPLATEK MESICNE,4447-02-04
317,76,POPLATEK MESICNE,4447-02-05
2555,53,POPLATEK MESICNE,4447-02-05
494,60,POPLATEK MESICNE,4447-02-06
2219,60,POPLATEK MESICNE,4447-02-06
2581,72,POPLATEK MESICNE,4447-02-06
112,6,POPLATEK MESICNE,4447-02-07
3674,38,POPLATEK MESICNE,4447-02-07
2039,44,POPLATEK MESICNE,4447-02-07
2712,9,POPLATEK MESICNE,4447-02-07
395,1,POPLATEK MESICNE,4447-02-07
2974,9,POPLATEK MESICNE,4447-02-08
123,21,POPLATEK MESICNE,4447-02-08
9640,1,POPLATEK MESICNE,4447-02-08
3108,53,POPLATEK MESICNE,4447-02-09
2508,34,POPLATEK MESICNE,4447-02-09
2458,40,POPLATEK TYDNE,4447-02-09
588,66,POPLATEK MESICNE,4447-02-09
7231,10,POPLATEK MESICNE,4447-02-09
6701,49,POPLATEK TYDNE,4447-02-10
3883,72,POPLATEK MESICNE,4447-02-10
222,37,POPLATEK MESICNE,4447-02-10
2497,65,POPLATEK MESICNE,4447-02-11
1372,1,POPLATEK MESICNE,4447-02-11
3835,50,POPLATEK MESICNE,4447-02-11
7445,64,POPLATEK MESICNE,4447-02-13
2527,38,POPLATEK MESICNE,4447-02-14
425,9,POPLATEK MESICNE,4447-02-14
860,1,POPLATEK MESICNE,4447-02-14
6034,6,POPLATEK TYDNE,4447-02-14
11065,11,POPLATEK MESICNE,4447-02-14
9883,1,POPLATEK MESICNE,4447-02-14
115,68,POPLATEK MESICNE,4447-02-14
1189,59,POPLATEK MESICNE,4447-02-14
3675,64,POPLATEK MESICNE,4447-02-15
3069,66,POPLATEK MESICNE,4447-02-15
2762,19,POPLATEK MESICNE,4447-02-15
892,70,POPLATEK MESICNE,4447-02-15
1535,46,POPLATEK MESICNE,4447-02-15
2618,60,POPLATEK MESICNE,4447-02-16
2651,2,POPLATEK MESICNE,4447-02-16
5442,34,POPLATEK MESICNE,4447-02-17
1787,30,POPLATEK TYDNE,4447-02-17
1397,17,POPLATEK MESICNE,4447-02-17
3785,10,POPLATEK MESICNE,4447-02-19
623,1,POPLATEK MESICNE,4447-02-19
8260,31,POPLATEK MESICNE,4447-02-19
3678,1,POPLATEK MESICNE,4447-02-19
3001,1,POPLATEK MESICNE,4447-02-19
655,53,POPLATEK MESICNE,4447-02-19
4093,1,POPLATEK MESICNE,4447-02-20
3260,68,POPLATEK MESICNE,4447-02-20
2528,65,POPLATEK MESICNE,4447-02-20
2011,75,POPLATEK MESICNE,4447-02-20
1721,68,POPLATEK MESICNE,4447-02-20
1332,59,POPLATEK MESICNE,4447-02-20
1402,74,POPLATEK MESICNE,4447-02-21
3283,68,POPLATEK MESICNE,4447-02-21
3781,31,POPLATEK MESICNE,4447-02-21
7203,71,POPLATEK MESICNE,4447-02-21
1065,72,POPLATEK MESICNE,4447-02-22
3076,54,POPLATEK MESICNE,4447-02-22
4347,1,POPLATEK MESICNE,4447-02-22
1157,7,POPLATEK MESICNE,4447-02-22
9403,1,POPLATEK TYDNE,4447-02-22
1874,9,POPLATEK MESICNE,4447-02-22
1115,34,POPLATEK MESICNE,4447-02-22
3586,59,POPLATEK MESICNE,4447-02-22
62,47,POPLATEK MESICNE,4447-02-23
1771,69,POPLATEK MESICNE,4447-02-23
5483,13,POPLATEK MESICNE,4447-02-23
8330,48,POPLATEK MESICNE,4447-02-23
187,5,POPLATEK MESICNE,4447-02-23
423,12,POPLATEK MESICNE,4447-02-23
6425,31,POPLATEK MESICNE,4447-02-24
2493,62,POPLATEK MESICNE,4447-02-24
2896,29,POPLATEK MESICNE,4447-02-25
2245,29,POPLATEK MESICNE,4447-02-25
3923,52,POPLATEK MESICNE,4447-02-25
1898,70,POPLATEK MESICNE,4447-05-07
3367,1,POPLATEK MESICNE,4447-05-07
3391,74,POPLATEK MESICNE,4447-05-07
8519,23,POPLATEK MESICNE,4447-05-08
1780,1,POPLATEK MESICNE,4447-05-08
3915,65,POPLATEK MESICNE,4447-05-08
3980,75,POPLATEK MESICNE,4447-05-09
4350,63,POPLATEK MESICNE,4447-05-10
686,41,POPLATEK MESICNE,4447-05-10
362,15,POPLATEK MESICNE,4447-05-10
299,77,POPLATEK MESICNE,4447-05-11
2488,5,POPLATEK MESICNE,4447-05-12
2985,71,POPLATEK MESICNE,4447-05-12
385,5,POPLATEK MESICNE,4447-05-13
2817,56,POPLATEK MESICNE,4447-05-13
2056,58,POPLATEK MESICNE,4447-05-13
2002,1,POPLATEK MESICNE,4447-05-14
748,10,POPLATEK MESICNE,4447-05-14
220,72,POPLATEK MESICNE,4447-05-15
1422,68,POPLATEK MESICNE,4447-05-15
1147,44,POPLATEK MESICNE,4447-05-16
3788,70,POPLATEK MESICNE,4447-05-16
1891,32,POPLATEK MESICNE,4447-05-16
1239,1,POPLATEK MESICNE,4447-05-16
8321,77,POPLATEK MESICNE,4447-05-18
3213,51,POPLATEK MESICNE,4447-05-18
2838,3,POPLATEK TYDNE,4447-05-19
3644,38,POPLATEK MESICNE,4447-05-19
4318,33,POPLATEK TYDNE,4447-05-19
2648,51,POPLATEK MESICNE,4447-05-19
2313,26,POPLATEK TYDNE,4447-05-19
5428,24,POPLATEK MESICNE,4447-05-20
7123,64,POPLATEK PO OBRATU,4447-05-20
279,39,POPLATEK MESICNE,4447-05-20
104,37,POPLATEK MESICNE,4447-05-21
497,55,POPLATEK MESICNE,4447-05-21
1152,45,POPLATEK MESICNE,4447-05-21
83,26,POPLATEK MESICNE,4447-05-22
2008,52,POPLATEK MESICNE,4447-05-22
3327,45,POPLATEK MESICNE,4447-05-22
5740,43,POPLATEK MESICNE,4447-05-22
8132,5,POPLATEK TYDNE,4447-05-23
10738,45,POPLATEK TYDNE,4447-05-23
2216,74,POPLATEK MESICNE,4447-05-23
1815,66,POPLATEK MESICNE,4447-05-23
2823,57,POPLATEK MESICNE,4447-05-24
4321,47,POPLATEK MESICNE,4447-05-24
1773,33,POPLATEK MESICNE,4447-05-25
7454,4,POPLATEK MESICNE,4447-05-25
188,54,POPLATEK MESICNE,4447-05-26
10973,18,POPLATEK TYDNE,4447-05-26
2599,48,POPLATEK MESICNE,4447-05-26
1166,11,POPLATEK MESICNE,4447-05-27
504,73,POPLATEK MESICNE,4447-05-27
1518,67,POPLATEK MESICNE,4447-05-27
2189,75,POPLATEK MESICNE,4447-05-28
6040,1,POPLATEK MESICNE,4447-05-28
2876,52,POPLATEK MESICNE,4447-05-28
1505,69,POPLATEK MESICNE,4447-05-29
6897,48,POPLATEK MESICNE,4447-05-29
4377,28,POPLATEK MESICNE,4447-05-30
717,75,POPLATEK MESICNE,4447-05-30
9707,70,POPLATEK MESICNE,4447-05-30
2814,72,POPLATEK MESICNE,4447-05-31
3068,59,POPLATEK MESICNE,4447-05-31
1476,61,POPLATEK MESICNE,4447-06-01
897,38,POPLATEK MESICNE,4447-06-01
977,1,POPLATEK MESICNE,4447-06-01
2639,17,POPLATEK MESICNE,4447-06-01
1032,11,POPLATEK MESICNE,4447-06-01
928,20,POPLATEK MESICNE,4447-06-01
168,31,POPLATEK MESICNE,4447-06-02
2175,1,POPLATEK MESICNE,4447-06-02
10105,55,POPLATEK MESICNE,4447-06-03
1392,60,POPLATEK MESICNE,4447-06-03
3697,45,POPLATEK MESICNE,4447-06-04
5313,40,POPLATEK MESICNE,4447-06-04
2222,47,POPLATEK MESICNE,4447-08-15
2641,7,POPLATEK MESICNE,4447-08-16
5423,15,POPLATEK MESICNE,4447-08-16
2609,73,POPLATEK MESICNE,4447-08-17
5472,1,POPLATEK MESICNE,4447-08-18
2932,72,POPLATEK MESICNE,4447-08-18
4254,70,POPLATEK MESICNE,4447-08-18
3965,31,POPLATEK MESICNE,4447-08-18
10656,8,POPLATEK MESICNE,4447-08-19
887,1,POPLATEK MESICNE,4447-08-19
4743,64,POPLATEK MESICNE,4447-08-19
1048,35,POPLATEK MESICNE,4447-08-19
1671,6,POPLATEK MESICNE,4447-08-19
1236,19,POPLATEK MESICNE,4447-08-19
1822,30,POPLATEK MESICNE,4447-08-19
3316,28,POPLATEK MESICNE,4447-08-20
2037,20,POPLATEK MESICNE,4447-08-20
10079,62,POPLATEK MESICNE,4447-08-20
3999,35,POPLATEK MESICNE,4447-08-20
551,77,POPLATEK MESICNE,4447-08-21
1200,33,POPLATEK MESICNE,4447-08-21
1161,66,POPLATEK MESICNE,4447-08-22
5372,48,POPLATEK MESICNE,4447-08-22
3050,60,POPLATEK MESICNE,4447-08-22
1784,59,POPLATEK MESICNE,4447-08-22
1603,1,POPLATEK MESICNE,4447-08-23
1887,68,POPLATEK MESICNE,4447-08-23
1644,1,POPLATEK MESICNE,4447-08-23
1658,73,POPLATEK MESICNE,4447-08-24
44,32,POPLATEK MESICNE,4447-08-24
1039,70,POPLATEK TYDNE,4447-08-24
1071,68,POPLATEK TYDNE,4447-08-24
2410,54,POPLATEK MESICNE,4447-08-25
2523,10,POPLATEK MESICNE,4447-08-25
790,54,POPLATEK MESICNE,4447-08-25
2583,62,POPLATEK MESICNE,4447-08-25
1782,8,POPLATEK MESICNE,4447-08-26
751,3,POPLATEK MESICNE,4447-08-26
2061,24,POPLATEK MESICNE,4447-08-26
8261,13,POPLATEK MESICNE,4447-08-26
2321,35,POPLATEK MESICNE,4447-08-27
1334,74,POPLATEK MESICNE,4447-08-28
3649,54,POPLATEK MESICNE,4447-08-28
555,24,POPLATEK MESICNE,4447-08-29
3173,39,POPLATEK MESICNE,4447-08-29
863,71,POPLATEK MESICNE,4447-08-30
3181,42,POPLATEK MESICNE,4447-08-30
3210,1,POPLATEK MESICNE,4447-08-31
489,16,POPLATEK MESICNE,4447-08-31
947,59,POPLATEK MESICNE,4447-08-31
3284,64,POPLATEK MESICNE,4447-08-31
1610,52,POPLATEK MESICNE,4447-08-31
4225,55,POPLATEK MESICNE,4447-09-01
1412,64,POPLATEK MESICNE,4447-09-01
1937,36,POPLATEK MESICNE,4447-09-01
991,39,POPLATEK MESICNE,4447-09-01
1180,20,POPLATEK MESICNE,4447-09-02
2758,70,POPLATEK MESICNE,4447-09-02
2711,58,POPLATEK MESICNE,4447-09-02
1652,74,POPLATEK MESICNE,4447-09-03
3099,70,POPLATEK MESICNE,4447-09-03
11111,1,POPLATEK MESICNE,4447-09-03
9591,74,POPLATEK MESICNE,4447-09-03
9828,11,POPLATEK MESICNE,4447-09-03
5385,44,POPLATEK TYDNE,4447-09-04
23,30,POPLATEK MESICNE,4447-09-05
2645,54,POPLATEK MESICNE,4447-09-05
2991,19,POPLATEK MESICNE,4447-09-05
3469,76,POPLATEK MESICNE,4447-09-05
1851,55,POPLATEK MESICNE,4447-09-06
3844,67,POPLATEK MESICNE,4447-09-06
1442,23,POPLATEK MESICNE,4447-09-06
3064,40,POPLATEK MESICNE,4447-09-06
3558,4,POPLATEK MESICNE,4447-09-06
1534,1,POPLATEK MESICNE,4447-09-07
334,1,POPLATEK MESICNE,4447-09-07
1786,1,POPLATEK MESICNE,4447-09-08
1272,40,POPLATEK TYDNE,4447-09-08
2436,67,POPLATEK MESICNE,4447-09-08
3796,53,POPLATEK MESICNE,4447-09-08
119,27,POPLATEK MESICNE,4447-09-08
3063,72,POPLATEK MESICNE,4447-09-09
18,43,POPLATEK TYDNE,4447-09-09
11320,44,POPLATEK MESICNE,4447-09-09
3888,39,POPLATEK MESICNE,4447-09-10
1584,30,POPLATEK MESICNE,4447-09-10
5546,43,POPLATEK MESICNE,4447-09-11
2029,55,POPLATEK MESICNE,4447-09-12
10911,1,POPLATEK TYDNE,4447-09-12
2467,33,POPLATEK MESICNE,4447-09-12
2962,1,POPLATEK MESICNE,4447-09-13
165,25,POPLATEK MESICNE,4447-11-23
1617,45,POPLATEK MESICNE,4447-11-23
327,54,POPLATEK MESICNE,4447-11-24
2068,21,POPLATEK MESICNE,4447-11-24
4448,60,POPLATEK MESICNE,4447-11-24
640,32,POPLATEK MESICNE,4447-11-24
510,1,POPLATEK TYDNE,4447-11-24
2534,61,POPLATEK MESICNE,4447-11-25
1018,7,POPLATEK MESICNE,4447-11-25
1285,65,POPLATEK MESICNE,4447-11-26
3670,27,POPLATEK MESICNE,4447-11-26
1743,51,POPLATEK MESICNE,4447-11-26
3072,8,POPLATEK MESICNE,4447-11-27
2146,31,POPLATEK MESICNE,4447-11-27
4576,27,POPLATEK MESICNE,4447-11-27
3258,53,POPLATEK MESICNE,4447-11-27
2176,67,POPLATEK MESICNE,4447-11-28
8934,51,POPLATEK MESICNE,4447-11-28
1999,70,POPLATEK MESICNE,4447-11-28
2741,15,POPLATEK MESICNE,4447-11-29
4427,32,POPLATEK MESICNE,4447-11-29
3682,70,POPLATEK MESICNE,4447-11-29
2862,33,POPLATEK MESICNE,4447-11-29
3032,5,POPLATEK MESICNE,4447-11-29
701,69,POPLATEK MESICNE,4447-11-30
6281,56,POPLATEK MESICNE,4447-11-30
306,16,POPLATEK MESICNE,4447-11-30
1207,67,POPLATEK MESICNE,4447-11-30
1247,25,POPLATEK MESICNE,4447-11-30
5343,64,POPLATEK MESICNE,4447-11-30
5129,68,POPLATEK MESICNE,4447-11-30
3713,14,POPLATEK TYDNE,4447-11-30
2327,19,POPLATEK MESICNE,4447-11-30
774,1,POPLATEK MESICNE,4447-11-30
1990,1,POPLATEK MESICNE,4447-12-01
2388,30,POPLATEK MESICNE,4447-12-01
3566,21,POPLATEK MESICNE,4447-12-01
10266,54,POPLATEK MESICNE,4447-12-02
3771,22,POPLATEK MESICNE,4447-12-03
1978,57,POPLATEK TYDNE,4447-12-03
2022,72,POPLATEK MESICNE,4447-12-03
3542,49,POPLATEK MESICNE,4447-12-03
1515,11,POPLATEK MESICNE,4447-12-03
4171,28,POPLATEK MESICNE,4447-12-04
433,20,POPLATEK MESICNE,4447-12-04
1373,47,POPLATEK MESICNE,4447-12-04
3246,54,POPLATEK MESICNE,4447-12-06
1475,1,POPLATEK TYDNE,4447-12-06
3133,66,POPLATEK MESICNE,4447-12-06
2779,73,POPLATEK MESICNE,4447-12-07
135,75,POPLATEK MESICNE,4447-12-07
446,50,POPLATEK MESICNE,4447-12-07
9093,47,POPLATEK MESICNE,4447-12-08
432,46,POPLATEK MESICNE,4447-12-08
2880,71,POPLATEK MESICNE,4447-12-08
5767,72,POPLATEK MESICNE,4447-12-08
1998,1,POPLATEK MESICNE,4447-12-09
2554,36,POPLATEK MESICNE,4447-12-10
2933,10,POPLATEK MESICNE,4447-12-10
773,15,POPLATEK MESICNE,4447-12-11
4894,14,POPLATEK MESICNE,4447-12-12
3969,39,POPLATEK MESICNE,4447-12-12
1277,31,POPLATEK MESICNE,4447-12-12
5120,1,POPLATEK MESICNE,4447-12-13
738,34,POPLATEK MESICNE,4447-12-13
1299,1,POPLATEK MESICNE,4447-12-13
148,8,POPLATEK MESICNE,4447-12-13
899,72,POPLATEK MESICNE,4447-12-13
3521,75,POPLATEK MESICNE,4447-12-14
3786,21,POPLATEK MESICNE,4447-12-14
886,1,POPLATEK MESICNE,4447-12-15
5228,77,POPLATEK PO OBRATU,4447-12-15
702,12,POPLATEK MESICNE,4447-12-15
300,1,POPLATEK MESICNE,4447-12-15
1451,64,POPLATEK MESICNE,4447-12-16
2940,54,POPLATEK MESICNE,4447-12-16
1837,23,POPLATEK MESICNE,4447-12-16
3954,22,POPLATEK MESICNE,4447-12-17
885,1,POPLATEK MESICNE,4447-12-17
2697,8,POPLATEK MESICNE,4447-12-18
8129,45,POPLATEK MESICNE,4447-12-18
1930,3,POPLATEK MESICNE,4447-12-19
2411,69,POPLATEK MESICNE,4447-12-19
3775,19,POPLATEK MESICNE,4447-12-19
9034,1,POPLATEK MESICNE,4447-12-20
902,74,POPLATEK MESICNE,4447-12-21
630,71,POPLATEK MESICNE,4447-12-21
3096,68,POPLATEK MESICNE,4447-12-21
2552,52,POPLATEK MESICNE,4448-03-02
3435,59,POPLATEK MESICNE,4448-03-02
5215,55,POPLATEK MESICNE,4448-03-02
36,1,POPLATEK MESICNE,4448-03-02
2687,76,POPLATEK MESICNE,4448-03-02
1861,54,POPLATEK MESICNE,4448-03-03
2464,33,POPLATEK PO OBRATU,4448-03-03
2736,72,POPLATEK MESICNE,4448-03-03
1145,31,POPLATEK MESICNE,4448-03-04
2298,31,POPLATEK MESICNE,4448-03-04
929,54,POPLATEK MESICNE,4448-03-04
381,68,POPLATEK MESICNE,4448-03-05
3778,52,POPLATEK MESICNE,4448-03-05
1118,48,POPLATEK MESICNE,4448-03-05
4352,2,POPLATEK MESICNE,4448-03-06
1322,17,POPLATEK MESICNE,4448-03-06
1852,35,POPLATEK MESICNE,4448-03-06
8173,11,POPLATEK MESICNE,4448-03-06
2705,63,POPLATEK PO OBRATU,4448-03-06
9472,1,POPLATEK TYDNE,4448-03-07
368,77,POPLATEK MESICNE,4448-03-07
1425,76,POPLATEK MESICNE,4448-03-07
8027,44,POPLATEK TYDNE,4448-03-08
3261,1,POPLATEK MESICNE,4448-03-08
35,75,POPLATEK MESICNE,4448-03-08
2186,63,POPLATEK MESICNE,4448-03-08
1566,73,POPLATEK MESICNE,4448-03-08
78,74,POPLATEK MESICNE,4448-03-08
3939,70,POPLATEK MESICNE,4448-03-09
2584,50,POPLATEK MESICNE,4448-03-09
2336,39,POPLATEK MESICNE,4448-03-09
2078,62,POPLATEK MESICNE,4448-03-09
3882,10,POPLATEK MESICNE,4448-03-10
4159,74,POPLATEK MESICNE,4448-03-10
907,41,POPLATEK MESICNE,4448-03-10
1411,54,POPLATEK MESICNE,4448-03-10
1684,32,POPLATEK TYDNE,4448-03-11
3748,1,POPLATEK MESICNE,4448-03-11
2213,68,POPLATEK MESICNE,4448-03-12
1062,6,POPLATEK MESICNE,4448-03-12
273,24,POPLATEK PO OBRATU,4448-03-12
10320,68,POPLATEK MESICNE,4448-03-12
1416,66,POPLATEK TYDNE,4448-03-13
3277,36,POPLATEK MESICNE,4448-03-13
1892,28,POPLATEK MESICNE,4448-03-14
3413,70,POPLATEK MESICNE,4448-03-14
3654,47,POPLATEK MESICNE,4448-03-14
3000,28,POPLATEK MESICNE,4448-03-15
3955,64,POPLATEK MESICNE,4448-03-15
1544,69,POPLATEK MESICNE,4448-03-15
9703,68,POPLATEK MESICNE,4448-03-16
234,73,POPLATEK MESICNE,4448-03-16
3241,44,POPLATEK MESICNE,4448-03-17
3465,1,POPLATEK MESICNE,4448-03-17
3152,1,POPLATEK MESICNE,4448-03-17
1497,1,POPLATEK MESICNE,4448-03-17
3078,1,POPLATEK MESICNE,4448-03-17
400,28,POPLATEK MESICNE,4448-03-18
1902,50,POPLATEK TYDNE,4448-03-18
757,50,POPLATEK MESICNE,4448-03-20
1116,1,POPLATEK MESICNE,4448-03-21
5700,42,POPLATEK MESICNE,4448-03-21
3267,64,POPLATEK MESICNE,4448-03-22
3222,4,POPLATEK MESICNE,4448-03-22
408,41,POPLATEK MESICNE,4448-03-22
2818,40,POPLATEK MESICNE,4448-03-22
6273,38,POPLATEK MESICNE,4448-03-22
2513,70,POPLATEK MESICNE,4448-03-23
3493,63,POPLATEK MESICNE,4448-03-23
1201,61,POPLATEK MESICNE,4448-03-24
4478,70,POPLATEK MESICNE,4448-03-24
2915,57,POPLATEK MESICNE,4448-03-24
9833,20,POPLATEK MESICNE,4448-03-25
2253,74,POPLATEK MESICNE,4448-03-25
1069,70,POPLATEK MESICNE,4448-03-25
207,2,POPLATEK MESICNE,4448-03-26
3212,70,POPLATEK MESICNE,4448-03-26
4035,1,POPLATEK MESICNE,4448-03-26
1268,74,POPLATEK MESICNE,4448-03-26
3287,18,POPLATEK MESICNE,4448-03-27
6226,74,POPLATEK TYDNE,4448-03-27
2123,64,POPLATEK MESICNE,4448-03-27
3982,26,POPLATEK MESICNE,4448-03-28
2701,71,POPLATEK MESICNE,4448-03-28
3629,48,POPLATEK MESICNE,4448-03-28
2841,71,POPLATEK MESICNE,4448-03-28
563,53,POPLATEK MESICNE,4448-03-28
2732,5,POPLATEK MESICNE,4448-03-28
1297,70,POPLATEK MESICNE,4448-03-28
7485,39,POPLATEK MESICNE,4448-03-29
2088,4,POPLATEK MESICNE,4448-03-29
225,1,POPLATEK MESICNE,4448-03-29
1630,72,POPLATEK MESICNE,4448-03-29
403,1,POPLATEK MESICNE,4448-03-30
445,63,POPLATEK TYDNE,4448-03-30
186,1,POPLATEK TYDNE,4448-03-30
3720,36,POPLATEK MESICNE,4448-03-31
574,70,POPLATEK MESICNE,4448-03-31
1429,57,POPLATEK MESICNE,4448-03-31
3580,43,POPLATEK MESICNE,4448-06-10
7819,38,POPLATEK MESICNE,4448-06-10
759,23,POPLATEK MESICNE,4448-06-10
6363,74,POPLATEK MESICNE,4448-06-10
3738,51,POPLATEK MESICNE,4448-06-10
4000,7,POPLATEK MESICNE,4448-06-11
9041,1,POPLATEK MESICNE,4448-06-12
2620,22,POPLATEK MESICNE,4448-06-12
3609,28,POPLATEK MESICNE,4448-06-12
1382,48,POPLATEK MESICNE,4448-06-12
930,41,POPLATEK MESICNE,4448-06-12
1925,12,POPLATEK MESICNE,4448-06-12
1834,62,POPLATEK MESICNE,4448-06-12
1507,35,POPLATEK MESICNE,4448-06-12
7857,75,POPLATEK MESICNE,4448-06-13
6636,72,POPLATEK TYDNE,4448-06-13
601,29,POPLATEK MESICNE,4448-06-13
3298,29,POPLATEK MESICNE,4448-06-13
2938,1,POPLATEK MESICNE,4448-06-13
2199,1,POPLATEK MESICNE,4448-06-13
3745,5,POPLATEK MESICNE,4448-06-13
3699,50,POPLATEK MESICNE,4448-06-14
816,52,POPLATEK MESICNE,4448-06-14
3656,53,POPLATEK MESICNE,4448-06-15
2038,42,POPLATEK MESICNE,4448-06-15
2542,21,POPLATEK MESICNE,4448-06-16
1136,12,POPLATEK MESICNE,4448-06-16
1589,37,POPLATEK MESICNE,4448-06-16
3136,69,POPLATEK MESICNE,4448-06-16
3547,54,POPLATEK MESICNE,4448-06-16
26,52,POPLATEK MESICNE,4448-06-17
657,47,POPLATEK MESICNE,4448-06-17
3538,58,POPLATEK MESICNE,4448-06-17
2167,16,POPLATEK MESICNE,4448-06-17
3127,66,POPLATEK MESICNE,4448-06-17
47,45,POPLATEK MESICNE,4448-06-17
3850,8,POPLATEK MESICNE,4448-06-18
5366,70,POPLATEK MESICNE,4448-06-18
747,39,POPLATEK MESICNE,4448-06-18
3166,71,POPLATEK MESICNE,4448-06-19
11021,1,POPLATEK MESICNE,4448-06-19
1701,1,POPLATEK MESICNE,4448-06-19
3613,43,POPLATEK MESICNE,4448-06-19
3600,27,POPLATEK MESICNE,4448-06-19
3792,10,POPLATEK MESICNE,4448-06-20
523,1,POPLATEK MESICNE,4448-06-20
3808,38,POPLATEK MESICNE,4448-06-20
1401,1,POPLATEK MESICNE,4448-06-21
541,61,POPLATEK MESICNE,4448-06-21
1023,21,POPLATEK MESICNE,4448-06-22
3683,33,POPLATEK MESICNE,4448-06-22
3220,29,POPLATEK MESICNE,4448-06-23
1779,33,POPLATEK MESICNE,4448-06-24
1912,64,POPLATEK MESICNE,4448-06-24
238,6,POPLATEK MESICNE,4448-06-24
3113,67,POPLATEK MESICNE,4448-06-25
5481,52,POPLATEK MESICNE,4448-06-25
3035,15,POPLATEK TYDNE,4448-06-25
942,9,POPLATEK MESICNE,4448-06-25
3221,5,POPLATEK MESICNE,4448-06-26
2616,1,POPLATEK MESICNE,4448-06-26
2137,4,POPLATEK PO OBRATU,4448-06-26
978,73,POPLATEK MESICNE,4448-06-27
2771,37,POPLATEK MESICNE,4448-06-27
3891,1,POPLATEK MESICNE,4448-06-27
9236,11,POPLATEK MESICNE,4448-06-27
274,76,POPLATEK MESICNE,4448-06-29
552,14,POPLATEK MESICNE,4448-06-29
2417,44,POPLATEK MESICNE,4448-06-29
3868,43,POPLATEK MESICNE,4448-06-30
9869,12,POPLATEK MESICNE,4448-06-30
1875,44,POPLATEK MESICNE,4448-06-30
8212,52,POPLATEK PO OBRATU,4448-06-30
3477,71,POPLATEK MESICNE,4448-07-01
1513,30,POPLATEK MESICNE,4448-07-02
3053,11,POPLATEK MESICNE,4448-07-02
1057,13,POPLATEK MESICNE,4448-07-02
6030,47,POPLATEK MESICNE,4448-07-03
3407,28,POPLATEK MESICNE,4448-07-03
1761,24,POPLATEK MESICNE,4448-07-03
3306,75,POPLATEK MESICNE,4448-07-03
162,60,POPLATEK MESICNE,4448-07-04
5011,31,POPLATEK MESICNE,4448-07-04
965,20,POPLATEK MESICNE,4448-07-04
1305,57,POPLATEK MESICNE,4448-07-04
815,56,POPLATEK MESICNE,4448-07-04
1449,35,POPLATEK MESICNE,4448-07-05
950,49,POPLATEK MESICNE,4448-07-05
3361,45,POPLATEK MESICNE,4448-07-05
3837,48,POPLATEK PO OBRATU,4448-07-05
33,22,POPLATEK MESICNE,4448-07-05
2894,17,POPLATEK MESICNE,4448-07-07
2510,61,POPLATEK MESICNE,4448-07-07
389,30,POPLATEK MESICNE,4448-07-07
6051,56,POPLATEK MESICNE,4448-07-07
730,4,POPLATEK MESICNE,4448-07-07
1694,6,POPLATEK TYDNE,4448-07-08
721,76,POPLATEK MESICNE,4448-07-08
1106,20,POPLATEK TYDNE,4448-07-08
3319,56,POPLATEK MESICNE,4448-07-08
10451,1,POPLATEK MESICNE,4448-07-08
172,13,POPLATEK MESICNE,4448-07-09
3920,74,POPLATEK MESICNE,4448-09-18
3011,64,POPLATEK MESICNE,4448-09-18
1337,23,POPLATEK MESICNE,4448-09-18
2592,69,POPLATEK MESICNE,4448-09-18
146,4,POPLATEK MESICNE,4448-09-19
2576,1,POPLATEK MESICNE,4448-09-19
3195,40,POPLATEK MESICNE,4448-09-19
8073,24,POPLATEK PO OBRATU,4448-09-20
4463,67,POPLATEK MESICNE,4448-09-20
2082,36,POPLATEK MESICNE,4448-09-20
2020,13,POPLATEK MESICNE,4448-09-21
160,23,POPLATEK MESICNE,4448-09-21
7607,1,POPLATEK MESICNE,4448-09-22
117,31,POPLATEK MESICNE,4448-09-22
3509,2,POPLATEK MESICNE,4448-09-22
151,76,POPLATEK MESICNE,4448-09-23
1719,1,POPLATEK MESICNE,4448-09-23
3456,32,POPLATEK MESICNE,4448-09-23
2951,44,POPLATEK MESICNE,4448-09-23
7190,49,POPLATEK MESICNE,4448-09-23
1827,10,POPLATEK MESICNE,4448-09-23
1689,55,POPLATEK MESICNE,4448-09-24
1197,68,POPLATEK MESICNE,4448-09-24
5952,50,POPLATEK MESICNE,4448-09-24
6930,41,POPLATEK MESICNE,4448-09-25
1107,42,POPLATEK MESICNE,4448-09-25
8475,4,POPLATEK MESICNE,4448-09-25
3575,7,POPLATEK MESICNE,4448-09-25
2691,69,POPLATEK MESICNE,4448-09-25
3323,13,POPLATEK MESICNE,4448-09-25
2428,72,POPLATEK MESICNE,4448-09-25
2649,2,POPLATEK MESICNE,4448-09-25
2907,70,POPLATEK MESICNE,4448-09-26
1091,16,POPLATEK MESICNE,4448-09-26
1487,66,POPLATEK MESICNE,4448-09-27
3157,77,POPLATEK MESICNE,4448-09-27
4414,24,POPLATEK MESICNE,4448-09-27
2302,24,POPLATEK MESICNE,4448-09-27
1410,74,POPLATEK MESICNE,4448-09-28
1146,67,POPLATEK MESICNE,4448-09-29
8564,68,POPLATEK MESICNE,4448-09-29
750,73,POPLATEK MESICNE,4448-09-29
2150,37,POPLATEK MESICNE,4448-09-29
10940,50,POPLATEK MESICNE,4448-09-30
9337,30,POPLATEK MESICNE,4448-09-30
861,22,POPLATEK MESICNE,4448-09-30
10440,72,POPLATEK MESICNE,4448-09-30
10036,1,POPLATEK MESICNE,4448-09-30
1234,6,POPLATEK MESICNE,4448-09-30
7774,74,POPLATEK PO OBRATU,4448-10-01
1547,72,POPLATEK MESICNE,4448-10-01
1079,74,POPLATEK MESICNE,4448-10-01
3863,15,POPLATEK MESICNE,4448-10-01
3480,58,POPLATEK MESICNE,4448-10-01
2671,1,POPLATEK MESICNE,4448-10-02
1705,70,POPLATEK MESICNE,4448-10-02
3028,27,POPLATEK MESICNE,4448-10-02
3310,25,POPLATEK MESICNE,4448-10-02
6715,48,POPLATEK TYDNE,4448-10-02
3255,1,POPLATEK MESICNE,4448-10-02
3751,9,POPLATEK MESICNE,4448-10-02
2987,18,POPLATEK MESICNE,4448-10-03
857,77,POPLATEK MESICNE,4448-10-03
3042,10,POPLATEK MESICNE,4448-10-03
2695,16,POPLATEK MESICNE,4448-10-03
2849,1,POPLATEK MESICNE,4448-10-03
2802,1,POPLATEK MESICNE,4448-10-03
34,67,POPLATEK TYDNE,4448-10-04
7133,1,POPLATEK MESICNE,4448-10-04
699,1,POPLATEK MESICNE,4448-10-04
2282,29,POPLATEK TYDNE,4448-10-04
8489,19,POPLATEK MESICNE,4448-10-05
837,46,POPLATEK MESICNE,4448-10-05
8759,1,POPLATEK MESICNE,4448-10-05
1602,33,POPLATEK MESICNE,4448-10-06
2958,48,POPLATEK MESICNE,4448-10-06
3408,62,POPLATEK MESICNE,4448-10-06
153,77,POPLATEK MESICNE,4448-10-06
3268,21,POPLATEK MESICNE,4448-10-07
854,62,POPLATEK MESICNE,4448-10-08
1831,1,POPLATEK MESICNE,4448-10-08
39,36,POPLATEK MESICNE,4448-10-09
1811,40,POPLATEK MESICNE,4448-10-09
3822,8,POPLATEK MESICNE,4448-10-09
1404,7,POPLATEK TYDNE,4448-10-09
517,76,POPLATEK MESICNE,4448-10-09
1440,55,POPLATEK MESICNE,4448-10-09
3505,46,POPLATEK MESICNE,4448-10-10
1804,20,POPLATEK TYDNE,4448-10-10
2617,1,POPLATEK MESICNE,4448-10-11
467,74,POPLATEK MESICNE,4448-10-11
4437,40,POPLATEK MESICNE,4448-10-11
1453,61,POPLATEK TYDNE,4448-10-12
3977,7,POPLATEK MESICNE,4448-10-12
8982,64,POPLATEK MESICNE,4448-10-12
27,73,POPLATEK MESICNE,4448-10-13
4511,33,POPLATEK MESICNE,4448-10-13
1052,61,POPLATEK MESICNE,4448-10-14
10227,62,POPLATEK PO OBRATU,4448-10-14
3171,61,POPLATEK MESICNE,4448-10-15
228,5,POPLATEK MESICNE,4448-10-15
3618,29,POPLATEK MESICNE,4448-10-16
1016,40,POPLATEK MESICNE,4448-10-16
15,70,POPLATEK MESICNE,4448-12-28
3237,20,POPLATEK MESICNE,4448-12-28
1485,36,POPLATEK MESICNE,4448-12-29
7769,23,POPLATEK MESICNE,4448-12-29
2613,26,POPLATEK MESICNE,4448-12-29
2201,8,POPLATEK MESICNE,4448-12-31
1896,74,POPLATEK MESICNE,4448-12-31
5387,1,POPLATEK MESICNE,4448-12-31
3535,1,POPLATEK MESICNE,4448-12-31
1120,1,POPLATEK MESICNE,4448-12-31
235,41,POPLATEK MESICNE,4449-01-01
3701,76,POPLATEK MESICNE,4449-01-01
1516,67,POPLATEK MESICNE,4449-01-03
4543,33,POPLATEK MESICNE,4449-01-03
2427,70,POPLATEK TYDNE,4449-01-03
1981,64,POPLATEK MESICNE,4449-01-03
8566,74,POPLATEK MESICNE,4449-01-03
678,17,POPLATEK MESICNE,4449-01-03
4659,56,POPLATEK MESICNE,4449-01-03
4059,34,POPLATEK MESICNE,4449-01-03
4013,73,POPLATEK PO OBRATU,4449-01-03
7011,75,POPLATEK MESICNE,4449-01-03
2132,76,POPLATEK MESICNE,4449-01-03
1816,44,POPLATEK MESICNE,4449-01-03
2623,58,POPLATEK MESICNE,4449-01-04
2793,47,POPLATEK MESICNE,4449-01-04
2479,18,POPLATEK MESICNE,4449-01-04
11135,75,POPLATEK MESICNE,4449-01-05
8041,1,POPLATEK MESICNE,4449-01-05
492,5,POPLATEK MESICNE,4449-01-05
799,56,POPLATEK MESICNE,4449-01-05
3972,51,POPLATEK MESICNE,4449-01-06
1468,54,POPLATEK MESICNE,4449-01-06
624,70,POPLATEK MESICNE,4449-01-06
3483,40,POPLATEK MESICNE,4449-01-07
4260,56,POPLATEK MESICNE,4449-01-09
616,43,POPLATEK MESICNE,4449-01-09
931,59,POPLATEK MESICNE,4449-01-10
102,11,POPLATEK MESICNE,4449-01-11
540,75,POPLATEK MESICNE,4449-01-11
2660,1,POPLATEK TYDNE,4449-01-12
4287,1,POPLATEK MESICNE,4449-01-12
3551,6,POPLATEK MESICNE,4449-01-12
2072,41,POPLATEK MESICNE,4449-01-12
4119,77,POPLATEK MESICNE,4449-01-13
1345,28,POPLATEK MESICNE,4449-01-14
1565,36,POPLATEK MESICNE,4449-01-15
2824,11,POPLATEK MESICNE,4449-01-15
2052,61,POPLATEK MESICNE,4449-01-15
1767,21,POPLATEK MESICNE,4449-01-15
2140,75,POPLATEK MESICNE,4449-01-16
1051,35,POPLATEK MESICNE,4449-01-16
3927,56,POPLATEK MESICNE,4449-01-17
2050,1,POPLATEK MESICNE,4449-01-17
2276,31,POPLATEK MESICNE,4449-01-17
126,5,POPLATEK MESICNE,4449-01-18
2859,11,POPLATEK MESICNE,4449-01-18
2667,23,POPLATEK MESICNE,4449-01-18
1789,46,POPLATEK MESICNE,4449-01-18
838,47,POPLATEK MESICNE,4449-01-18
3264,70,POPLATEK MESICNE,4449-01-18
198,70,POPLATEK MESICNE,4449-01-20
2345,5,POPLATEK MESICNE,4449-01-20
5256,72,POPLATEK PO OBRATU,4449-01-20
40,64,POPLATEK MESICNE,4449-01-20
419,13,POPLATEK MESICNE,4449-01-20
3892,43,POPLATEK MESICNE,4449-01-20
1217,69,POPLATEK MESICNE,4449-01-20
397,11,POPLATEK MESICNE,4449-01-21
3146,68,POPLATEK MESICNE,4449-01-21
287,16,POPLATEK MESICNE,4449-01-22
2180,45,POPLATEK MESICNE,4449-01-22
354,59,POPLATEK MESICNE,4449-01-23
259,2,POPLATEK MESICNE,4449-01-23
1666,67,POPLATEK MESICNE,4449-01-25
1495,36,POPLATEK MESICNE,4449-04-06
2582,28,POPLATEK MESICNE,4449-04-06
4470,16,POPLATEK MESICNE,4449-04-06
1381,57,POPLATEK MESICNE,4449-04-06
2435,38,POPLATEK MESICNE,4449-04-06
542,1,POPLATEK MESICNE,4449-04-06
1123,13,POPLATEK MESICNE,4449-04-06
3225,1,POPLATEK MESICNE,4449-04-06
1133,1,POPLATEK MESICNE,4449-04-06
3086,1,POPLATEK MESICNE,4449-04-07
2250,35,POPLATEK MESICNE,4449-04-07
340,1,POPLATEK MESICNE,4449-04-08
4079,52,POPLATEK MESICNE,4449-04-08
841,1,POPLATEK MESICNE,4449-04-09
2269,6,POPLATEK MESICNE,4449-04-09
2867,30,POPLATEK MESICNE,4449-04-09
3371,68,POPLATEK MESICNE,4449-04-09
520,60,POPLATEK MESICNE,4449-04-09
743,10,POPLATEK MESICNE,4449-04-10
3640,10,POPLATEK MESICNE,4449-04-10
3354,63,POPLATEK MESICNE,4449-04-10
107,64,POPLATEK MESICNE,4449-04-10
243,55,POPLATEK TYDNE,4449-04-11
3687,71,POPLATEK MESICNE,4449-04-11
1984,73,POPLATEK MESICNE,4449-04-12
4173,1,POPLATEK MESICNE,4449-04-13
2700,74,POPLATEK MESICNE,4449-04-13
2318,73,POPLATEK MESICNE,4449-04-13
7965,55,POPLATEK MESICNE,4449-04-13
3352,42,POPLATEK MESICNE,4449-04-13
4255,70,POPLATEK TYDNE,4449-04-13
73,72,POPLATEK MESICNE,4449-04-13
3948,1,POPLATEK MESICNE,4449-04-14
648,13,POPLATEK MESICNE,4449-04-14
3688,70,POPLATEK MESICNE,4449-04-15
462,29,POPLATEK MESICNE,4449-04-15
3243,1,POPLATEK MESICNE,4449-04-15
8625,64,POPLATEK MESICNE,4449-04-15
321,47,POPLATEK MESICNE,4449-04-16
3548,23,POPLATEK MESICNE,4449-04-16
5984,11,POPLATEK MESICNE,4449-04-16
3091,3,POPLATEK MESICNE,4449-04-16
626,72,POPLATEK MESICNE,4449-04-16
998,47,POPLATEK MESICNE,4449-04-16
3326,5,POPLATEK MESICNE,4449-04-16
2457,76,POPLATEK MESICNE,4449-04-16
2549,74,POPLATEK MESICNE,4449-04-17
1947,35,POPLATEK MESICNE,4449-04-17
2738,41,POPLATEK MESICNE,4449-04-17
1809,1,POPLATEK TYDNE,4449-04-17
519,24,POPLATEK MESICNE,4449-04-17
2665,61,POPLATEK MESICNE,4449-04-18
1114,6,POPLATEK TYDNE,4449-04-18
8957,1,POPLATEK MESICNE,4449-04-18
2271,68,POPLATEK MESICNE,4449-04-18
196,4,POPLATEK MESICNE,4449-04-19
3218,41,POPLATEK MESICNE,4449-04-19
3660,74,POPLATEK MESICNE,4449-04-19
787,10,POPLATEK MESICNE,4449-04-19
3820,1,POPLATEK MESICNE,4449-04-19
10906,76,POPLATEK MESICNE,4449-04-19
914,73,POPLATEK MESICNE,4449-04-19
9656,61,POPLATEK MESICNE,4449-04-19
1941,60,POPLATEK MESICNE,4449-04-20
3617,22,POPLATEK MESICNE,4449-04-20
3370,49,POPLATEK MESICNE,4449-04-20
